D:\udacity\fake_data_1\IMG\IMG\center_2017_03_20_20_02_39_574.jpg, D:\udacity\fake_data_1\IMG\IMG\left_2017_03_20_20_02_39_574.jpg, D:\udacity\fake_data_1\IMG\IMG\right_2017_03_20_20_02_39_574.jpg, 0, 0, 0, 2.213532E-05
D:\udacity\fake_data_1\IMG\IMG\center_2017_03_20_20_02_40_035.jpg, D:\udacity\fake_data_1\IMG\IMG\left_2017_03_20_20_02_40_035.jpg, D:\udacity\fake_data_1\IMG\IMG\right_2017_03_20_20_02_40_035.jpg, 0, 0, 0, 2.192465E-05
D:\udacity\fake_data_1\IMG\IMG\center_2017_03_20_20_02_40_270.jpg, D:\udacity\fake_data_1\IMG\IMG\left_2017_03_20_20_02_40_270.jpg, D:\udacity\fake_data_1\IMG\IMG\right_2017_03_20_20_02_40_270.jpg, 0, 0, 0, 2.271709E-05
D:\udacity\fake_data_1\IMG\IMG\center_2017_03_20_20_02_40_471.jpg, D:\udacity\fake_data_1\IMG\IMG\left_2017_03_20_20_02_40_471.jpg, D:\udacity\fake_data_1\IMG\IMG\right_2017_03_20_20_02_40_471.jpg, 0, 0, 0, 2.456444E-05
D:\udacity\fake_data_1\IMG\IMG\center_2017_03_20_20_02_40_659.jpg, D:\udacity\fake_data_1\IMG\IMG\left_2017_03_20_20_02_40_659.jpg, D:\udacity\fake_data_1\IMG\IMG\right_2017_03_20_20_02_40_659.jpg, 0, 0, 0, 2.228828E-05
D:\udacity\fake_data_1\IMG\IMG\center_2017_03_20_20_02_40_848.jpg, D:\udacity\fake_data_1\IMG\IMG\left_2017_03_20_20_02_40_848.jpg, D:\udacity\fake_data_1\IMG\IMG\right_2017_03_20_20_02_40_848.jpg, 0, 0, 0, 2.186818E-05
D:\udacity\fake_data_1\IMG\IMG\center_2017_03_20_20_02_41_050.jpg, D:\udacity\fake_data_1\IMG\IMG\left_2017_03_20_20_02_41_050.jpg, D:\udacity\fake_data_1\IMG\IMG\right_2017_03_20_20_02_41_050.jpg, 0, 0, 0, 2.591994E-05
D:\udacity\fake_data_1\IMG\IMG\center_2017_03_20_20_02_41_241.jpg, D:\udacity\fake_data_1\IMG\IMG\left_2017_03_20_20_02_41_241.jpg, D:\udacity\fake_data_1\IMG\IMG\right_2017_03_20_20_02_41_241.jpg, 0, 0, 0, 2.204144E-05
D:\udacity\fake_data_1\IMG\IMG\center_2017_03_20_20_02_41_435.jpg, D:\udacity\fake_data_1\IMG\IMG\left_2017_03_20_20_02_41_435.jpg, D:\udacity\fake_data_1\IMG\IMG\right_2017_03_20_20_02_41_435.jpg, 0, 0, 0, 2.342566E-05
D:\udacity\fake_data_1\IMG\IMG\center_2017_03_20_20_02_41_624.jpg, D:\udacity\fake_data_1\IMG\IMG\left_2017_03_20_20_02_41_624.jpg, D:\udacity\fake_data_1\IMG\IMG\right_2017_03_20_20_02_41_624.jpg, 0, 0, 0, 2.193801E-05
D:\udacity\fake_data_1\IMG\IMG\center_2017_03_20_20_02_41_816.jpg, D:\udacity\fake_data_1\IMG\IMG\left_2017_03_20_20_02_41_816.jpg, D:\udacity\fake_data_1\IMG\IMG\right_2017_03_20_20_02_41_816.jpg, 0, 0, 0, 2.233616E-05
D:\udacity\fake_data_1\IMG\IMG\center_2017_03_20_20_02_42_020.jpg, D:\udacity\fake_data_1\IMG\IMG\left_2017_03_20_20_02_42_020.jpg, D:\udacity\fake_data_1\IMG\IMG\right_2017_03_20_20_02_42_020.jpg, 0, 0, 0, 2.607544E-05
D:\udacity\fake_data_1\IMG\IMG\center_2017_03_20_20_02_42_196.jpg, D:\udacity\fake_data_1\IMG\IMG\left_2017_03_20_20_02_42_196.jpg, D:\udacity\fake_data_1\IMG\IMG\right_2017_03_20_20_02_42_196.jpg, 0, 0, 0, 2.227674E-05
D:\udacity\fake_data_1\IMG\IMG\center_2017_03_20_20_02_42_410.jpg, D:\udacity\fake_data_1\IMG\IMG\left_2017_03_20_20_02_42_410.jpg, D:\udacity\fake_data_1\IMG\IMG\right_2017_03_20_20_02_42_410.jpg, 0, 0.6324759, 0, 1.614877
D:\udacity\fake_data_1\IMG\IMG\center_2017_03_20_20_02_42_608.jpg, D:\udacity\fake_data_1\IMG\IMG\left_2017_03_20_20_02_42_608.jpg, D:\udacity\fake_data_1\IMG\IMG\right_2017_03_20_20_02_42_608.jpg, 0, 1, 0, 3.451591
D:\udacity\fake_data_1\IMG\IMG\center_2017_03_20_20_02_42_786.jpg, D:\udacity\fake_data_1\IMG\IMG\left_2017_03_20_20_02_42_786.jpg, D:\udacity\fake_data_1\IMG\IMG\right_2017_03_20_20_02_42_786.jpg, 0, 0.3810247, 0, 4.405742
D:\udacity\fake_data_1\IMG\IMG\center_2017_03_20_20_02_42_965.jpg, D:\udacity\fake_data_1\IMG\IMG\left_2017_03_20_20_02_42_965.jpg, D:\udacity\fake_data_1\IMG\IMG\right_2017_03_20_20_02_42_965.jpg, 0, 0, 0, 4.33767
D:\udacity\fake_data_1\IMG\IMG\center_2017_03_20_20_02_43_150.jpg, D:\udacity\fake_data_1\IMG\IMG\left_2017_03_20_20_02_43_150.jpg, D:\udacity\fake_data_1\IMG\IMG\right_2017_03_20_20_02_43_150.jpg, 0, 0, 0, 4.256684
D:\udacity\fake_data_1\IMG\IMG\center_2017_03_20_20_02_43_363.jpg, D:\udacity\fake_data_1\IMG\IMG\left_2017_03_20_20_02_43_363.jpg, D:\udacity\fake_data_1\IMG\IMG\right_2017_03_20_20_02_43_363.jpg, -0.6340597, 0, 0, 4.035742
D:\udacity\fake_data_1\IMG\IMG\center_2017_03_20_20_02_43_585.jpg, D:\udacity\fake_data_1\IMG\IMG\left_2017_03_20_20_02_43_585.jpg, D:\udacity\fake_data_1\IMG\IMG\right_2017_03_20_20_02_43_585.jpg, 0, 0, 0, 3.899761
D:\udacity\fake_data_1\IMG\IMG\center_2017_03_20_20_02_43_778.jpg, D:\udacity\fake_data_1\IMG\IMG\left_2017_03_20_20_02_43_778.jpg, D:\udacity\fake_data_1\IMG\IMG\right_2017_03_20_20_02_43_778.jpg, 0, 0, 0, 3.827151
D:\udacity\fake_data_1\IMG\IMG\center_2017_03_20_20_02_43_983.jpg, D:\udacity\fake_data_1\IMG\IMG\left_2017_03_20_20_02_43_983.jpg, D:\udacity\fake_data_1\IMG\IMG\right_2017_03_20_20_02_43_983.jpg, 0, 0, 0, 3.740179
D:\udacity\fake_data_1\IMG\IMG\center_2017_03_20_20_02_44_150.jpg, D:\udacity\fake_data_1\IMG\IMG\left_2017_03_20_20_02_44_150.jpg, D:\udacity\fake_data_1\IMG\IMG\right_2017_03_20_20_02_44_150.jpg, 0, 0, 0, 3.67813
D:\udacity\fake_data_1\IMG\IMG\center_2017_03_20_20_02_44_363.jpg, D:\udacity\fake_data_1\IMG\IMG\left_2017_03_20_20_02_44_363.jpg, D:\udacity\fake_data_1\IMG\IMG\right_2017_03_20_20_02_44_363.jpg, 0, 0, 0, 3.59443
D:\udacity\fake_data_1\IMG\IMG\center_2017_03_20_20_02_44_545.jpg, D:\udacity\fake_data_1\IMG\IMG\left_2017_03_20_20_02_44_545.jpg, D:\udacity\fake_data_1\IMG\IMG\right_2017_03_20_20_02_44_545.jpg, 0, 0, 0, 3.527317
D:\udacity\fake_data_1\IMG\IMG\center_2017_03_20_20_02_44_729.jpg, D:\udacity\fake_data_1\IMG\IMG\left_2017_03_20_20_02_44_729.jpg, D:\udacity\fake_data_1\IMG\IMG\right_2017_03_20_20_02_44_729.jpg, 0, 0, 0, 3.461411
D:\udacity\fake_data_1\IMG\IMG\center_2017_03_20_20_02_44_929.jpg, D:\udacity\fake_data_1\IMG\IMG\left_2017_03_20_20_02_44_929.jpg, D:\udacity\fake_data_1\IMG\IMG\right_2017_03_20_20_02_44_929.jpg, 0, 0, 0, 3.389573
D:\udacity\fake_data_1\IMG\IMG\center_2017_03_20_20_02_45_134.jpg, D:\udacity\fake_data_1\IMG\IMG\left_2017_03_20_20_02_45_134.jpg, D:\udacity\fake_data_1\IMG\IMG\right_2017_03_20_20_02_45_134.jpg, 0, 0, 0, 3.31917
D:\udacity\fake_data_1\IMG\IMG\center_2017_03_20_20_02_45_319.jpg, D:\udacity\fake_data_1\IMG\IMG\left_2017_03_20_20_02_45_319.jpg, D:\udacity\fake_data_1\IMG\IMG\right_2017_03_20_20_02_45_319.jpg, 0, 0.5569656, 0, 4.44949
D:\udacity\fake_data_1\IMG\IMG\center_2017_03_20_20_02_45_523.jpg, D:\udacity\fake_data_1\IMG\IMG\left_2017_03_20_20_02_45_523.jpg, D:\udacity\fake_data_1\IMG\IMG\right_2017_03_20_20_02_45_523.jpg, 0, 0, 0, 4.369872
D:\udacity\fake_data_1\IMG\IMG\center_2017_03_20_20_02_45_700.jpg, D:\udacity\fake_data_1\IMG\IMG\left_2017_03_20_20_02_45_700.jpg, D:\udacity\fake_data_1\IMG\IMG\right_2017_03_20_20_02_45_700.jpg, 0, 0, 0, 4.288806
D:\udacity\fake_data_1\IMG\IMG\center_2017_03_20_20_02_45_985.jpg, D:\udacity\fake_data_1\IMG\IMG\left_2017_03_20_20_02_45_985.jpg, D:\udacity\fake_data_1\IMG\IMG\right_2017_03_20_20_02_45_985.jpg, 0, 0, 0, 4.165592
D:\udacity\fake_data_1\IMG\IMG\center_2017_03_20_20_02_46_165.jpg, D:\udacity\fake_data_1\IMG\IMG\left_2017_03_20_20_02_46_165.jpg, D:\udacity\fake_data_1\IMG\IMG\right_2017_03_20_20_02_46_165.jpg, 0, 0, 0, 4.088202
D:\udacity\fake_data_1\IMG\IMG\center_2017_03_20_20_02_46_377.jpg, D:\udacity\fake_data_1\IMG\IMG\left_2017_03_20_20_02_46_377.jpg, D:\udacity\fake_data_1\IMG\IMG\right_2017_03_20_20_02_46_377.jpg, 0, 0, 0, 4.003844
D:\udacity\fake_data_1\IMG\IMG\center_2017_03_20_20_02_46_574.jpg, D:\udacity\fake_data_1\IMG\IMG\left_2017_03_20_20_02_46_574.jpg, D:\udacity\fake_data_1\IMG\IMG\right_2017_03_20_20_02_46_574.jpg, 0, 0, 0, 3.921172
D:\udacity\fake_data_1\IMG\IMG\center_2017_03_20_20_02_46_744.jpg, D:\udacity\fake_data_1\IMG\IMG\left_2017_03_20_20_02_46_744.jpg, D:\udacity\fake_data_1\IMG\IMG\right_2017_03_20_20_02_46_744.jpg, 0, 0, 0, 3.84818
D:\udacity\fake_data_1\IMG\IMG\center_2017_03_20_20_02_46_952.jpg, D:\udacity\fake_data_1\IMG\IMG\left_2017_03_20_20_02_46_952.jpg, D:\udacity\fake_data_1\IMG\IMG\right_2017_03_20_20_02_46_952.jpg, 0, 0, 0, 3.768617
D:\udacity\fake_data_1\IMG\IMG\center_2017_03_20_20_02_47_149.jpg, D:\udacity\fake_data_1\IMG\IMG\left_2017_03_20_20_02_47_149.jpg, D:\udacity\fake_data_1\IMG\IMG\right_2017_03_20_20_02_47_149.jpg, 0, 0, 0, 3.690642
D:\udacity\fake_data_1\IMG\IMG\center_2017_03_20_20_02_47_340.jpg, D:\udacity\fake_data_1\IMG\IMG\left_2017_03_20_20_02_47_340.jpg, D:\udacity\fake_data_1\IMG\IMG\right_2017_03_20_20_02_47_340.jpg, 0, 0, 0, 3.614226
D:\udacity\fake_data_1\IMG\IMG\center_2017_03_20_20_02_47_555.jpg, D:\udacity\fake_data_1\IMG\IMG\left_2017_03_20_20_02_47_555.jpg, D:\udacity\fake_data_1\IMG\IMG\right_2017_03_20_20_02_47_555.jpg, -0.6450785, 0, 0, 3.430217
D:\udacity\fake_data_1\IMG\IMG\center_2017_03_20_20_02_47_743.jpg, D:\udacity\fake_data_1\IMG\IMG\left_2017_03_20_20_02_47_743.jpg, D:\udacity\fake_data_1\IMG\IMG\right_2017_03_20_20_02_47_743.jpg, -0.08497733, 0, 0, 3.373613
D:\udacity\fake_data_1\IMG\IMG\center_2017_03_20_20_02_47_936.jpg, D:\udacity\fake_data_1\IMG\IMG\left_2017_03_20_20_02_47_936.jpg, D:\udacity\fake_data_1\IMG\IMG\right_2017_03_20_20_02_47_936.jpg, 0, 0, 0, 3.274981
D:\udacity\fake_data_1\IMG\IMG\center_2017_03_20_20_02_48_138.jpg, D:\udacity\fake_data_1\IMG\IMG\left_2017_03_20_20_02_48_138.jpg, D:\udacity\fake_data_1\IMG\IMG\right_2017_03_20_20_02_48_138.jpg, 0, 0.6054982, 0, 4.646419
D:\udacity\fake_data_1\IMG\IMG\center_2017_03_20_20_02_48_355.jpg, D:\udacity\fake_data_1\IMG\IMG\left_2017_03_20_20_02_48_355.jpg, D:\udacity\fake_data_1\IMG\IMG\right_2017_03_20_20_02_48_355.jpg, 0, 0, 0, 4.565644
D:\udacity\fake_data_1\IMG\IMG\center_2017_03_20_20_02_48_567.jpg, D:\udacity\fake_data_1\IMG\IMG\left_2017_03_20_20_02_48_567.jpg, D:\udacity\fake_data_1\IMG\IMG\right_2017_03_20_20_02_48_567.jpg, 0, 0, 0, 4.46239
D:\udacity\fake_data_1\IMG\IMG\center_2017_03_20_20_02_48_793.jpg, D:\udacity\fake_data_1\IMG\IMG\left_2017_03_20_20_02_48_793.jpg, D:\udacity\fake_data_1\IMG\IMG\right_2017_03_20_20_02_48_793.jpg, 0, 0, 0, 4.36143
D:\udacity\fake_data_1\IMG\IMG\center_2017_03_20_20_02_48_974.jpg, D:\udacity\fake_data_1\IMG\IMG\left_2017_03_20_20_02_48_974.jpg, D:\udacity\fake_data_1\IMG\IMG\right_2017_03_20_20_02_48_974.jpg, 0, 0, 0, 4.280499
D:\udacity\fake_data_1\IMG\IMG\center_2017_03_20_20_02_49_182.jpg, D:\udacity\fake_data_1\IMG\IMG\left_2017_03_20_20_02_49_182.jpg, D:\udacity\fake_data_1\IMG\IMG\right_2017_03_20_20_02_49_182.jpg, 0, 0, 0, 4.183595
D:\udacity\fake_data_1\IMG\IMG\center_2017_03_20_20_02_49_365.jpg, D:\udacity\fake_data_1\IMG\IMG\left_2017_03_20_20_02_49_365.jpg, D:\udacity\fake_data_1\IMG\IMG\right_2017_03_20_20_02_49_365.jpg, 0, 0.5510085, 0, 5.295136
D:\udacity\fake_data_1\IMG\IMG\center_2017_03_20_20_02_49_586.jpg, D:\udacity\fake_data_1\IMG\IMG\left_2017_03_20_20_02_49_586.jpg, D:\udacity\fake_data_1\IMG\IMG\right_2017_03_20_20_02_49_586.jpg, 0, 1, 0, 7.777987
D:\udacity\fake_data_1\IMG\IMG\center_2017_03_20_20_02_49_773.jpg, D:\udacity\fake_data_1\IMG\IMG\left_2017_03_20_20_02_49_773.jpg, D:\udacity\fake_data_1\IMG\IMG\right_2017_03_20_20_02_49_773.jpg, 0, 0.4346104, 0, 8.620079
D:\udacity\fake_data_1\IMG\IMG\center_2017_03_20_20_02_50_031.jpg, D:\udacity\fake_data_1\IMG\IMG\left_2017_03_20_20_02_50_031.jpg, D:\udacity\fake_data_1\IMG\IMG\right_2017_03_20_20_02_50_031.jpg, 0, 0, 0, 8.427525
D:\udacity\fake_data_1\IMG\IMG\center_2017_03_20_20_02_50_241.jpg, D:\udacity\fake_data_1\IMG\IMG\left_2017_03_20_20_02_50_241.jpg, D:\udacity\fake_data_1\IMG\IMG\right_2017_03_20_20_02_50_241.jpg, 0, 0, 0, 8.259202
D:\udacity\fake_data_1\IMG\IMG\center_2017_03_20_20_02_50_434.jpg, D:\udacity\fake_data_1\IMG\IMG\left_2017_03_20_20_02_50_434.jpg, D:\udacity\fake_data_1\IMG\IMG\right_2017_03_20_20_02_50_434.jpg, 0, 0, 0, 8.094246
D:\udacity\fake_data_1\IMG\IMG\center_2017_03_20_20_02_50_688.jpg, D:\udacity\fake_data_1\IMG\IMG\left_2017_03_20_20_02_50_688.jpg, D:\udacity\fake_data_1\IMG\IMG\right_2017_03_20_20_02_50_688.jpg, 0, 0, 0, 7.884722
D:\udacity\fake_data_1\IMG\IMG\center_2017_03_20_20_02_50_879.jpg, D:\udacity\fake_data_1\IMG\IMG\left_2017_03_20_20_02_50_879.jpg, D:\udacity\fake_data_1\IMG\IMG\right_2017_03_20_20_02_50_879.jpg, 0, 0, 0, 7.742849
D:\udacity\fake_data_1\IMG\IMG\center_2017_03_20_20_02_51_096.jpg, D:\udacity\fake_data_1\IMG\IMG\left_2017_03_20_20_02_51_096.jpg, D:\udacity\fake_data_1\IMG\IMG\right_2017_03_20_20_02_51_096.jpg, 0, 0, 0, 7.572913
D:\udacity\fake_data_1\IMG\IMG\center_2017_03_20_20_02_51_295.jpg, D:\udacity\fake_data_1\IMG\IMG\left_2017_03_20_20_02_51_295.jpg, D:\udacity\fake_data_1\IMG\IMG\right_2017_03_20_20_02_51_295.jpg, 0, 0, 0, 7.421667
D:\udacity\fake_data_1\IMG\IMG\center_2017_03_20_20_02_51_489.jpg, D:\udacity\fake_data_1\IMG\IMG\left_2017_03_20_20_02_51_489.jpg, D:\udacity\fake_data_1\IMG\IMG\right_2017_03_20_20_02_51_489.jpg, 0, 0, 0, 7.273437
D:\udacity\fake_data_1\IMG\IMG\center_2017_03_20_20_02_51_694.jpg, D:\udacity\fake_data_1\IMG\IMG\left_2017_03_20_20_02_51_694.jpg, D:\udacity\fake_data_1\IMG\IMG\right_2017_03_20_20_02_51_694.jpg, 0, 0, 0, 7.128178
D:\udacity\fake_data_1\IMG\IMG\center_2017_03_20_20_02_51_987.jpg, D:\udacity\fake_data_1\IMG\IMG\left_2017_03_20_20_02_51_987.jpg, D:\udacity\fake_data_1\IMG\IMG\right_2017_03_20_20_02_51_987.jpg, 0, 0, 0, 6.9157
D:\udacity\fake_data_1\IMG\IMG\center_2017_03_20_20_02_52_207.jpg, D:\udacity\fake_data_1\IMG\IMG\left_2017_03_20_20_02_52_207.jpg, D:\udacity\fake_data_1\IMG\IMG\right_2017_03_20_20_02_52_207.jpg, 0, 0, 0, 6.763921
D:\udacity\fake_data_1\IMG\IMG\center_2017_03_20_20_02_52_411.jpg, D:\udacity\fake_data_1\IMG\IMG\left_2017_03_20_20_02_52_411.jpg, D:\udacity\fake_data_1\IMG\IMG\right_2017_03_20_20_02_52_411.jpg, 0, 0, 0, 6.628832
D:\udacity\fake_data_1\IMG\IMG\center_2017_03_20_20_02_52_630.jpg, D:\udacity\fake_data_1\IMG\IMG\left_2017_03_20_20_02_52_630.jpg, D:\udacity\fake_data_1\IMG\IMG\right_2017_03_20_20_02_52_630.jpg, 0, 0, 0, 6.483347
D:\udacity\fake_data_1\IMG\IMG\center_2017_03_20_20_02_52_817.jpg, D:\udacity\fake_data_1\IMG\IMG\left_2017_03_20_20_02_52_817.jpg, D:\udacity\fake_data_1\IMG\IMG\right_2017_03_20_20_02_52_817.jpg, 0, 0, 0, 6.366693
D:\udacity\fake_data_1\IMG\IMG\center_2017_03_20_20_02_53_035.jpg, D:\udacity\fake_data_1\IMG\IMG\left_2017_03_20_20_02_53_035.jpg, D:\udacity\fake_data_1\IMG\IMG\right_2017_03_20_20_02_53_035.jpg, 0, 0, 0, 6.226964
D:\udacity\fake_data_1\IMG\IMG\center_2017_03_20_20_02_53_244.jpg, D:\udacity\fake_data_1\IMG\IMG\left_2017_03_20_20_02_53_244.jpg, D:\udacity\fake_data_1\IMG\IMG\right_2017_03_20_20_02_53_244.jpg, 0, 0.6226097, 0, 7.704924
D:\udacity\fake_data_1\IMG\IMG\center_2017_03_20_20_02_53_432.jpg, D:\udacity\fake_data_1\IMG\IMG\left_2017_03_20_20_02_53_432.jpg, D:\udacity\fake_data_1\IMG\IMG\right_2017_03_20_20_02_53_432.jpg, 0, 0.05213374, 0, 7.716146
D:\udacity\fake_data_1\IMG\IMG\center_2017_03_20_20_02_53_663.jpg, D:\udacity\fake_data_1\IMG\IMG\left_2017_03_20_20_02_53_663.jpg, D:\udacity\fake_data_1\IMG\IMG\right_2017_03_20_20_02_53_663.jpg, 0, 0, 0, 7.535144
D:\udacity\fake_data_1\IMG\IMG\center_2017_03_20_20_02_53_870.jpg, D:\udacity\fake_data_1\IMG\IMG\left_2017_03_20_20_02_53_870.jpg, D:\udacity\fake_data_1\IMG\IMG\right_2017_03_20_20_02_53_870.jpg, -0.6246911, 0, 0, 7.171577
D:\udacity\fake_data_1\IMG\IMG\center_2017_03_20_20_02_54_043.jpg, D:\udacity\fake_data_1\IMG\IMG\left_2017_03_20_20_02_54_043.jpg, D:\udacity\fake_data_1\IMG\IMG\right_2017_03_20_20_02_54_043.jpg, -0.1039621, 0, 0, 7.012311
D:\udacity\fake_data_1\IMG\IMG\center_2017_03_20_20_02_54_268.jpg, D:\udacity\fake_data_1\IMG\IMG\left_2017_03_20_20_02_54_268.jpg, D:\udacity\fake_data_1\IMG\IMG\right_2017_03_20_20_02_54_268.jpg, 0, 0, 0, 6.855629
D:\udacity\fake_data_1\IMG\IMG\center_2017_03_20_20_02_54_460.jpg, D:\udacity\fake_data_1\IMG\IMG\left_2017_03_20_20_02_54_460.jpg, D:\udacity\fake_data_1\IMG\IMG\right_2017_03_20_20_02_54_460.jpg, 0, 0, 0, 6.732274
D:\udacity\fake_data_1\IMG\IMG\center_2017_03_20_20_02_54_648.jpg, D:\udacity\fake_data_1\IMG\IMG\left_2017_03_20_20_02_54_648.jpg, D:\udacity\fake_data_1\IMG\IMG\right_2017_03_20_20_02_54_648.jpg, 0, 0, 0, 6.597827
D:\udacity\fake_data_1\IMG\IMG\center_2017_03_20_20_02_54_853.jpg, D:\udacity\fake_data_1\IMG\IMG\left_2017_03_20_20_02_54_853.jpg, D:\udacity\fake_data_1\IMG\IMG\right_2017_03_20_20_02_54_853.jpg, 0, 0, 0, 6.466053
D:\udacity\fake_data_1\IMG\IMG\center_2017_03_20_20_02_55_038.jpg, D:\udacity\fake_data_1\IMG\IMG\left_2017_03_20_20_02_55_038.jpg, D:\udacity\fake_data_1\IMG\IMG\right_2017_03_20_20_02_55_038.jpg, 0, 0, 0, 6.349707
D:\udacity\fake_data_1\IMG\IMG\center_2017_03_20_20_02_55_238.jpg, D:\udacity\fake_data_1\IMG\IMG\left_2017_03_20_20_02_55_238.jpg, D:\udacity\fake_data_1\IMG\IMG\right_2017_03_20_20_02_55_238.jpg, 0, 0.6000608, 0, 7.635773
D:\udacity\fake_data_1\IMG\IMG\center_2017_03_20_20_02_55_434.jpg, D:\udacity\fake_data_1\IMG\IMG\left_2017_03_20_20_02_55_434.jpg, D:\udacity\fake_data_1\IMG\IMG\right_2017_03_20_20_02_55_434.jpg, 0, 0.01341301, 0, 7.552788
D:\udacity\fake_data_1\IMG\IMG\center_2017_03_20_20_02_55_652.jpg, D:\udacity\fake_data_1\IMG\IMG\left_2017_03_20_20_02_55_652.jpg, D:\udacity\fake_data_1\IMG\IMG\right_2017_03_20_20_02_55_652.jpg, 0, 0, 0, 7.387957
D:\udacity\fake_data_1\IMG\IMG\center_2017_03_20_20_02_55_873.jpg, D:\udacity\fake_data_1\IMG\IMG\left_2017_03_20_20_02_55_873.jpg, D:\udacity\fake_data_1\IMG\IMG\right_2017_03_20_20_02_55_873.jpg, 0, 0, 0, 7.225805
D:\udacity\fake_data_1\IMG\IMG\center_2017_03_20_20_02_56_034.jpg, D:\udacity\fake_data_1\IMG\IMG\left_2017_03_20_20_02_56_034.jpg, D:\udacity\fake_data_1\IMG\IMG\right_2017_03_20_20_02_56_034.jpg, 0, 0, 0, 7.11012
D:\udacity\fake_data_1\IMG\IMG\center_2017_03_20_20_02_56_247.jpg, D:\udacity\fake_data_1\IMG\IMG\left_2017_03_20_20_02_56_247.jpg, D:\udacity\fake_data_1\IMG\IMG\right_2017_03_20_20_02_56_247.jpg, 0, 0, 0, 6.954067
D:\udacity\fake_data_1\IMG\IMG\center_2017_03_20_20_02_56_442.jpg, D:\udacity\fake_data_1\IMG\IMG\left_2017_03_20_20_02_56_442.jpg, D:\udacity\fake_data_1\IMG\IMG\right_2017_03_20_20_02_56_442.jpg, 0, 0, 0, 6.815215
D:\udacity\fake_data_1\IMG\IMG\center_2017_03_20_20_02_56_626.jpg, D:\udacity\fake_data_1\IMG\IMG\left_2017_03_20_20_02_56_626.jpg, D:\udacity\fake_data_1\IMG\IMG\right_2017_03_20_20_02_56_626.jpg, 0, 0, 0, 6.692583
D:\udacity\fake_data_1\IMG\IMG\center_2017_03_20_20_02_56_827.jpg, D:\udacity\fake_data_1\IMG\IMG\left_2017_03_20_20_02_56_827.jpg, D:\udacity\fake_data_1\IMG\IMG\right_2017_03_20_20_02_56_827.jpg, 0, 0, 0, 6.558913
D:\udacity\fake_data_1\IMG\IMG\center_2017_03_20_20_02_57_033.jpg, D:\udacity\fake_data_1\IMG\IMG\left_2017_03_20_20_02_57_033.jpg, D:\udacity\fake_data_1\IMG\IMG\right_2017_03_20_20_02_57_033.jpg, 0, 0, 0, 6.427912
D:\udacity\fake_data_1\IMG\IMG\center_2017_03_20_20_02_57_246.jpg, D:\udacity\fake_data_1\IMG\IMG\left_2017_03_20_20_02_57_246.jpg, D:\udacity\fake_data_1\IMG\IMG\right_2017_03_20_20_02_57_246.jpg, 0, 0, 0, 6.286845
D:\udacity\fake_data_1\IMG\IMG\center_2017_03_20_20_02_57_436.jpg, D:\udacity\fake_data_1\IMG\IMG\left_2017_03_20_20_02_57_436.jpg, D:\udacity\fake_data_1\IMG\IMG\right_2017_03_20_20_02_57_436.jpg, -0.5713676, 0, 0, 6.025423
D:\udacity\fake_data_1\IMG\IMG\center_2017_03_20_20_02_57_624.jpg, D:\udacity\fake_data_1\IMG\IMG\left_2017_03_20_20_02_57_624.jpg, D:\udacity\fake_data_1\IMG\IMG\right_2017_03_20_20_02_57_624.jpg, -0.006171405, 0, 0, 5.858197
D:\udacity\fake_data_1\IMG\IMG\center_2017_03_20_20_02_57_821.jpg, D:\udacity\fake_data_1\IMG\IMG\left_2017_03_20_20_02_57_821.jpg, D:\udacity\fake_data_1\IMG\IMG\right_2017_03_20_20_02_57_821.jpg, 0, 0, 0, 5.741146
D:\udacity\fake_data_1\IMG\IMG\center_2017_03_20_20_02_58_002.jpg, D:\udacity\fake_data_1\IMG\IMG\left_2017_03_20_20_02_58_002.jpg, D:\udacity\fake_data_1\IMG\IMG\right_2017_03_20_20_02_58_002.jpg, 0, 0, 0, 5.637839
D:\udacity\fake_data_1\IMG\IMG\center_2017_03_20_20_02_58_201.jpg, D:\udacity\fake_data_1\IMG\IMG\left_2017_03_20_20_02_58_201.jpg, D:\udacity\fake_data_1\IMG\IMG\right_2017_03_20_20_02_58_201.jpg, 0, 0, 0, 5.525236
D:\udacity\fake_data_1\IMG\IMG\center_2017_03_20_20_02_58_396.jpg, D:\udacity\fake_data_1\IMG\IMG\left_2017_03_20_20_02_58_396.jpg, D:\udacity\fake_data_1\IMG\IMG\right_2017_03_20_20_02_58_396.jpg, 0, 0.5826538, 0, 6.662245
D:\udacity\fake_data_1\IMG\IMG\center_2017_03_20_20_02_58_585.jpg, D:\udacity\fake_data_1\IMG\IMG\left_2017_03_20_20_02_58_585.jpg, D:\udacity\fake_data_1\IMG\IMG\right_2017_03_20_20_02_58_585.jpg, 0, 1, 0, 8.906175
D:\udacity\fake_data_1\IMG\IMG\center_2017_03_20_20_02_58_800.jpg, D:\udacity\fake_data_1\IMG\IMG\left_2017_03_20_20_02_58_800.jpg, D:\udacity\fake_data_1\IMG\IMG\right_2017_03_20_20_02_58_800.jpg, 0, 0.359392, 0, 9.64276
D:\udacity\fake_data_1\IMG\IMG\center_2017_03_20_20_02_58_987.jpg, D:\udacity\fake_data_1\IMG\IMG\left_2017_03_20_20_02_58_987.jpg, D:\udacity\fake_data_1\IMG\IMG\right_2017_03_20_20_02_58_987.jpg, 0, 0, 0, 9.478065
D:\udacity\fake_data_1\IMG\IMG\center_2017_03_20_20_02_59_170.jpg, D:\udacity\fake_data_1\IMG\IMG\left_2017_03_20_20_02_59_170.jpg, D:\udacity\fake_data_1\IMG\IMG\right_2017_03_20_20_02_59_170.jpg, 0, 0, 0, 9.3075
D:\udacity\fake_data_1\IMG\IMG\center_2017_03_20_20_02_59_366.jpg, D:\udacity\fake_data_1\IMG\IMG\left_2017_03_20_20_02_59_366.jpg, D:\udacity\fake_data_1\IMG\IMG\right_2017_03_20_20_02_59_366.jpg, 0, 0, 0, 9.121578
D:\udacity\fake_data_1\IMG\IMG\center_2017_03_20_20_02_59_553.jpg, D:\udacity\fake_data_1\IMG\IMG\left_2017_03_20_20_02_59_553.jpg, D:\udacity\fake_data_1\IMG\IMG\right_2017_03_20_20_02_59_553.jpg, 0, 0, 0, 8.957471
D:\udacity\fake_data_1\IMG\IMG\center_2017_03_20_20_02_59_733.jpg, D:\udacity\fake_data_1\IMG\IMG\left_2017_03_20_20_02_59_733.jpg, D:\udacity\fake_data_1\IMG\IMG\right_2017_03_20_20_02_59_733.jpg, 0, 0, 0, 8.796281
D:\udacity\fake_data_1\IMG\IMG\center_2017_03_20_20_02_59_948.jpg, D:\udacity\fake_data_1\IMG\IMG\left_2017_03_20_20_02_59_948.jpg, D:\udacity\fake_data_1\IMG\IMG\right_2017_03_20_20_02_59_948.jpg, -0.6390992, 0, 0, 8.342779
D:\udacity\fake_data_1\IMG\IMG\center_2017_03_20_20_03_00_183.jpg, D:\udacity\fake_data_1\IMG\IMG\left_2017_03_20_20_03_00_183.jpg, D:\udacity\fake_data_1\IMG\IMG\right_2017_03_20_20_03_00_183.jpg, 0, 0, 0, 8.063041
D:\udacity\fake_data_1\IMG\IMG\center_2017_03_20_20_03_00_361.jpg, D:\udacity\fake_data_1\IMG\IMG\left_2017_03_20_20_03_00_361.jpg, D:\udacity\fake_data_1\IMG\IMG\right_2017_03_20_20_03_00_361.jpg, 0, 0, 0, 7.917902
D:\udacity\fake_data_1\IMG\IMG\center_2017_03_20_20_03_00_563.jpg, D:\udacity\fake_data_1\IMG\IMG\left_2017_03_20_20_03_00_563.jpg, D:\udacity\fake_data_1\IMG\IMG\right_2017_03_20_20_03_00_563.jpg, 0, 0, 0, 7.759749
D:\udacity\fake_data_1\IMG\IMG\center_2017_03_20_20_03_00_753.jpg, D:\udacity\fake_data_1\IMG\IMG\left_2017_03_20_20_03_00_753.jpg, D:\udacity\fake_data_1\IMG\IMG\right_2017_03_20_20_03_00_753.jpg, 0, 0, 0, 7.620218
D:\udacity\fake_data_1\IMG\IMG\center_2017_03_20_20_03_00_920.jpg, D:\udacity\fake_data_1\IMG\IMG\left_2017_03_20_20_03_00_920.jpg, D:\udacity\fake_data_1\IMG\IMG\right_2017_03_20_20_03_00_920.jpg, 0, 0, 0, 7.498203
D:\udacity\fake_data_1\IMG\IMG\center_2017_03_20_20_03_01_111.jpg, D:\udacity\fake_data_1\IMG\IMG\left_2017_03_20_20_03_01_111.jpg, D:\udacity\fake_data_1\IMG\IMG\right_2017_03_20_20_03_01_111.jpg, 0, 0, 0, 7.348428
D:\udacity\fake_data_1\IMG\IMG\center_2017_03_20_20_03_01_320.jpg, D:\udacity\fake_data_1\IMG\IMG\left_2017_03_20_20_03_01_320.jpg, D:\udacity\fake_data_1\IMG\IMG\right_2017_03_20_20_03_01_320.jpg, -0.6243511, 0, 0, 6.993905
D:\udacity\fake_data_1\IMG\IMG\center_2017_03_20_20_03_01_509.jpg, D:\udacity\fake_data_1\IMG\IMG\left_2017_03_20_20_03_01_509.jpg, D:\udacity\fake_data_1\IMG\IMG\right_2017_03_20_20_03_01_509.jpg, -0.05873495, 0, 0, 6.809805
D:\udacity\fake_data_1\IMG\IMG\center_2017_03_20_20_03_01_722.jpg, D:\udacity\fake_data_1\IMG\IMG\left_2017_03_20_20_03_01_722.jpg, D:\udacity\fake_data_1\IMG\IMG\right_2017_03_20_20_03_01_722.jpg, 0, 0, 0, 6.659373
D:\udacity\fake_data_1\IMG\IMG\center_2017_03_20_20_03_01_942.jpg, D:\udacity\fake_data_1\IMG\IMG\left_2017_03_20_20_03_01_942.jpg, D:\udacity\fake_data_1\IMG\IMG\right_2017_03_20_20_03_01_942.jpg, 0, 0, 0, 6.513197
D:\udacity\fake_data_1\IMG\IMG\center_2017_03_20_20_03_02_137.jpg, D:\udacity\fake_data_1\IMG\IMG\left_2017_03_20_20_03_02_137.jpg, D:\udacity\fake_data_1\IMG\IMG\right_2017_03_20_20_03_02_137.jpg, 0, 0, 0, 6.395988
D:\udacity\fake_data_1\IMG\IMG\center_2017_03_20_20_03_02_304.jpg, D:\udacity\fake_data_1\IMG\IMG\left_2017_03_20_20_03_02_304.jpg, D:\udacity\fake_data_1\IMG\IMG\right_2017_03_20_20_03_02_304.jpg, 0, 0, 0, 6.280889
D:\udacity\fake_data_1\IMG\IMG\center_2017_03_20_20_03_02_495.jpg, D:\udacity\fake_data_1\IMG\IMG\left_2017_03_20_20_03_02_495.jpg, D:\udacity\fake_data_1\IMG\IMG\right_2017_03_20_20_03_02_495.jpg, 0, 0, 0, 6.167861
D:\udacity\fake_data_1\IMG\IMG\center_2017_03_20_20_03_02_711.jpg, D:\udacity\fake_data_1\IMG\IMG\left_2017_03_20_20_03_02_711.jpg, D:\udacity\fake_data_1\IMG\IMG\right_2017_03_20_20_03_02_711.jpg, 0, 0, 0, 6.032735
D:\udacity\fake_data_1\IMG\IMG\center_2017_03_20_20_03_02_884.jpg, D:\udacity\fake_data_1\IMG\IMG\left_2017_03_20_20_03_02_884.jpg, D:\udacity\fake_data_1\IMG\IMG\right_2017_03_20_20_03_02_884.jpg, 0, 0, 0, 5.924169
D:\udacity\fake_data_1\IMG\IMG\center_2017_03_20_20_03_03_084.jpg, D:\udacity\fake_data_1\IMG\IMG\left_2017_03_20_20_03_03_084.jpg, D:\udacity\fake_data_1\IMG\IMG\right_2017_03_20_20_03_03_084.jpg, 0, 0, 0, 5.805829
D:\udacity\fake_data_1\IMG\IMG\center_2017_03_20_20_03_03_254.jpg, D:\udacity\fake_data_1\IMG\IMG\left_2017_03_20_20_03_03_254.jpg, D:\udacity\fake_data_1\IMG\IMG\right_2017_03_20_20_03_03_254.jpg, -0.5181822, 0, 0, 5.601107
D:\udacity\fake_data_1\IMG\IMG\center_2017_03_20_20_03_03_448.jpg, D:\udacity\fake_data_1\IMG\IMG\left_2017_03_20_20_03_03_448.jpg, D:\udacity\fake_data_1\IMG\IMG\right_2017_03_20_20_03_03_448.jpg, 0, 0, 0, 5.452272
D:\udacity\fake_data_1\IMG\IMG\center_2017_03_20_20_03_03_651.jpg, D:\udacity\fake_data_1\IMG\IMG\left_2017_03_20_20_03_03_651.jpg, D:\udacity\fake_data_1\IMG\IMG\right_2017_03_20_20_03_03_651.jpg, 0, 0, 0, 5.343348
D:\udacity\fake_data_1\IMG\IMG\center_2017_03_20_20_03_03_850.jpg, D:\udacity\fake_data_1\IMG\IMG\left_2017_03_20_20_03_03_850.jpg, D:\udacity\fake_data_1\IMG\IMG\right_2017_03_20_20_03_03_850.jpg, 0, 0, 0, 5.236781
D:\udacity\fake_data_1\IMG\IMG\center_2017_03_20_20_03_04_019.jpg, D:\udacity\fake_data_1\IMG\IMG\left_2017_03_20_20_03_04_019.jpg, D:\udacity\fake_data_1\IMG\IMG\right_2017_03_20_20_03_04_019.jpg, 0, 0, 0, 5.152927
D:\udacity\fake_data_1\IMG\IMG\center_2017_03_20_20_03_04_223.jpg, D:\udacity\fake_data_1\IMG\IMG\left_2017_03_20_20_03_04_223.jpg, D:\udacity\fake_data_1\IMG\IMG\right_2017_03_20_20_03_04_223.jpg, 0, 0, 0, 5.039823
D:\udacity\fake_data_1\IMG\IMG\center_2017_03_20_20_03_04_430.jpg, D:\udacity\fake_data_1\IMG\IMG\left_2017_03_20_20_03_04_430.jpg, D:\udacity\fake_data_1\IMG\IMG\right_2017_03_20_20_03_04_430.jpg, -0.6206219, 0, 0, 4.796183
D:\udacity\fake_data_1\IMG\IMG\center_2017_03_20_20_03_04_607.jpg, D:\udacity\fake_data_1\IMG\IMG\left_2017_03_20_20_03_04_607.jpg, D:\udacity\fake_data_1\IMG\IMG\right_2017_03_20_20_03_04_607.jpg, -0.089257, 0, 0, 4.683963
D:\udacity\fake_data_1\IMG\IMG\center_2017_03_20_20_03_04_812.jpg, D:\udacity\fake_data_1\IMG\IMG\left_2017_03_20_20_03_04_812.jpg, D:\udacity\fake_data_1\IMG\IMG\right_2017_03_20_20_03_04_812.jpg, 0, 0, 0, 4.589215
D:\udacity\fake_data_1\IMG\IMG\center_2017_03_20_20_03_04_994.jpg, D:\udacity\fake_data_1\IMG\IMG\left_2017_03_20_20_03_04_994.jpg, D:\udacity\fake_data_1\IMG\IMG\right_2017_03_20_20_03_04_994.jpg, 0, 0, 0, 4.506782
D:\udacity\fake_data_1\IMG\IMG\center_2017_03_20_20_03_05_200.jpg, D:\udacity\fake_data_1\IMG\IMG\left_2017_03_20_20_03_05_200.jpg, D:\udacity\fake_data_1\IMG\IMG\right_2017_03_20_20_03_05_200.jpg, 0, 0, 0, 4.417104
D:\udacity\fake_data_1\IMG\IMG\center_2017_03_20_20_03_05_378.jpg, D:\udacity\fake_data_1\IMG\IMG\left_2017_03_20_20_03_05_378.jpg, D:\udacity\fake_data_1\IMG\IMG\right_2017_03_20_20_03_05_378.jpg, -0.5365942, 0, 0, 4.244746
D:\udacity\fake_data_1\IMG\IMG\center_2017_03_20_20_03_05_582.jpg, D:\udacity\fake_data_1\IMG\IMG\left_2017_03_20_20_03_05_582.jpg, D:\udacity\fake_data_1\IMG\IMG\right_2017_03_20_20_03_05_582.jpg, 0, 0, 0, 4.119408
D:\udacity\fake_data_1\IMG\IMG\center_2017_03_20_20_03_05_796.jpg, D:\udacity\fake_data_1\IMG\IMG\left_2017_03_20_20_03_05_796.jpg, D:\udacity\fake_data_1\IMG\IMG\right_2017_03_20_20_03_05_796.jpg, 0, 0, 0, 4.037115
D:\udacity\fake_data_1\IMG\IMG\center_2017_03_20_20_03_05_992.jpg, D:\udacity\fake_data_1\IMG\IMG\left_2017_03_20_20_03_05_992.jpg, D:\udacity\fake_data_1\IMG\IMG\right_2017_03_20_20_03_05_992.jpg, 0, 0, 0, 3.956465
D:\udacity\fake_data_1\IMG\IMG\center_2017_03_20_20_03_06_159.jpg, D:\udacity\fake_data_1\IMG\IMG\left_2017_03_20_20_03_06_159.jpg, D:\udacity\fake_data_1\IMG\IMG\right_2017_03_20_20_03_06_159.jpg, 0, 0.5067778, 0, 4.854265
D:\udacity\fake_data_1\IMG\IMG\center_2017_03_20_20_03_06_363.jpg, D:\udacity\fake_data_1\IMG\IMG\left_2017_03_20_20_03_06_363.jpg, D:\udacity\fake_data_1\IMG\IMG\right_2017_03_20_20_03_06_363.jpg, 0, 0, 0, 4.768907
D:\udacity\fake_data_1\IMG\IMG\center_2017_03_20_20_03_06_552.jpg, D:\udacity\fake_data_1\IMG\IMG\left_2017_03_20_20_03_06_552.jpg, D:\udacity\fake_data_1\IMG\IMG\right_2017_03_20_20_03_06_552.jpg, 0, 0, 0, 4.683332
D:\udacity\fake_data_1\IMG\IMG\center_2017_03_20_20_03_06_727.jpg, D:\udacity\fake_data_1\IMG\IMG\left_2017_03_20_20_03_06_727.jpg, D:\udacity\fake_data_1\IMG\IMG\right_2017_03_20_20_03_06_727.jpg, 0, 0, 0, 4.599092
D:\udacity\fake_data_1\IMG\IMG\center_2017_03_20_20_03_06_985.jpg, D:\udacity\fake_data_1\IMG\IMG\left_2017_03_20_20_03_06_985.jpg, D:\udacity\fake_data_1\IMG\IMG\right_2017_03_20_20_03_06_985.jpg, -0.7717828, 0, 0, 4.270155
D:\udacity\fake_data_1\IMG\IMG\center_2017_03_20_20_03_07_172.jpg, D:\udacity\fake_data_1\IMG\IMG\left_2017_03_20_20_03_07_172.jpg, D:\udacity\fake_data_1\IMG\IMG\right_2017_03_20_20_03_07_172.jpg, -0.2094747, 0, 0, 4.177496
D:\udacity\fake_data_1\IMG\IMG\center_2017_03_20_20_03_07_335.jpg, D:\udacity\fake_data_1\IMG\IMG\left_2017_03_20_20_03_07_335.jpg, D:\udacity\fake_data_1\IMG\IMG\right_2017_03_20_20_03_07_335.jpg, 0, 0, 0, 4.105388
D:\udacity\fake_data_1\IMG\IMG\center_2017_03_20_20_03_07_537.jpg, D:\udacity\fake_data_1\IMG\IMG\left_2017_03_20_20_03_07_537.jpg, D:\udacity\fake_data_1\IMG\IMG\right_2017_03_20_20_03_07_537.jpg, 0, 0, 0, 4.023377
D:\udacity\fake_data_1\IMG\IMG\center_2017_03_20_20_03_07_750.jpg, D:\udacity\fake_data_1\IMG\IMG\left_2017_03_20_20_03_07_750.jpg, D:\udacity\fake_data_1\IMG\IMG\right_2017_03_20_20_03_07_750.jpg, 0, 0, 0, 3.935692
D:\udacity\fake_data_1\IMG\IMG\center_2017_03_20_20_03_07_953.jpg, D:\udacity\fake_data_1\IMG\IMG\left_2017_03_20_20_03_07_953.jpg, D:\udacity\fake_data_1\IMG\IMG\right_2017_03_20_20_03_07_953.jpg, -0.6102768, 0, 0, 3.748435
D:\udacity\fake_data_1\IMG\IMG\center_2017_03_20_20_03_08_119.jpg, D:\udacity\fake_data_1\IMG\IMG\left_2017_03_20_20_03_08_119.jpg, D:\udacity\fake_data_1\IMG\IMG\right_2017_03_20_20_03_08_119.jpg, -0.106642, 0, 0, 3.6713
D:\udacity\fake_data_1\IMG\IMG\center_2017_03_20_20_03_08_333.jpg, D:\udacity\fake_data_1\IMG\IMG\left_2017_03_20_20_03_08_333.jpg, D:\udacity\fake_data_1\IMG\IMG\right_2017_03_20_20_03_08_333.jpg, 0, 0, 0, 3.589442
D:\udacity\fake_data_1\IMG\IMG\center_2017_03_20_20_03_08_524.jpg, D:\udacity\fake_data_1\IMG\IMG\left_2017_03_20_20_03_08_524.jpg, D:\udacity\fake_data_1\IMG\IMG\right_2017_03_20_20_03_08_524.jpg, 0, 0, 0, 3.517732
D:\udacity\fake_data_1\IMG\IMG\center_2017_03_20_20_03_08_710.jpg, D:\udacity\fake_data_1\IMG\IMG\left_2017_03_20_20_03_08_710.jpg, D:\udacity\fake_data_1\IMG\IMG\right_2017_03_20_20_03_08_710.jpg, 0, 0.5605199, 0, 4.653255
D:\udacity\fake_data_1\IMG\IMG\center_2017_03_20_20_03_08_927.jpg, D:\udacity\fake_data_1\IMG\IMG\left_2017_03_20_20_03_08_927.jpg, D:\udacity\fake_data_1\IMG\IMG\right_2017_03_20_20_03_08_927.jpg, 0, 0, 0, 4.573476
D:\udacity\fake_data_1\IMG\IMG\center_2017_03_20_20_03_09_173.jpg, D:\udacity\fake_data_1\IMG\IMG\left_2017_03_20_20_03_09_173.jpg, D:\udacity\fake_data_1\IMG\IMG\right_2017_03_20_20_03_09_173.jpg, 0, 0, 0, 4.464117
D:\udacity\fake_data_1\IMG\IMG\center_2017_03_20_20_03_09_391.jpg, D:\udacity\fake_data_1\IMG\IMG\left_2017_03_20_20_03_09_391.jpg, D:\udacity\fake_data_1\IMG\IMG\right_2017_03_20_20_03_09_391.jpg, -0.6529704, 0, 0, 4.224385
D:\udacity\fake_data_1\IMG\IMG\center_2017_03_20_20_03_09_592.jpg, D:\udacity\fake_data_1\IMG\IMG\left_2017_03_20_20_03_09_592.jpg, D:\udacity\fake_data_1\IMG\IMG\right_2017_03_20_20_03_09_592.jpg, -0.05043042, 0, 0, 4.104107
D:\udacity\fake_data_1\IMG\IMG\center_2017_03_20_20_03_09_762.jpg, D:\udacity\fake_data_1\IMG\IMG\left_2017_03_20_20_03_09_762.jpg, D:\udacity\fake_data_1\IMG\IMG\right_2017_03_20_20_03_09_762.jpg, 0, 0, 0, 4.029923
D:\udacity\fake_data_1\IMG\IMG\center_2017_03_20_20_03_09_966.jpg, D:\udacity\fake_data_1\IMG\IMG\left_2017_03_20_20_03_09_966.jpg, D:\udacity\fake_data_1\IMG\IMG\right_2017_03_20_20_03_09_966.jpg, 0, 0, 0, 3.949423
D:\udacity\fake_data_1\IMG\IMG\center_2017_03_20_20_03_10_159.jpg, D:\udacity\fake_data_1\IMG\IMG\left_2017_03_20_20_03_10_159.jpg, D:\udacity\fake_data_1\IMG\IMG\right_2017_03_20_20_03_10_159.jpg, 0, 0, 0, 3.878477
D:\udacity\fake_data_1\IMG\IMG\center_2017_03_20_20_03_10_368.jpg, D:\udacity\fake_data_1\IMG\IMG\left_2017_03_20_20_03_10_368.jpg, D:\udacity\fake_data_1\IMG\IMG\right_2017_03_20_20_03_10_368.jpg, 0, 0.6273907, 0, 5.431923
D:\udacity\fake_data_1\IMG\IMG\center_2017_03_20_20_03_10_568.jpg, D:\udacity\fake_data_1\IMG\IMG\left_2017_03_20_20_03_10_568.jpg, D:\udacity\fake_data_1\IMG\IMG\right_2017_03_20_20_03_10_568.jpg, -0.592818, 0.03457272, 0, 5.293777
D:\udacity\fake_data_1\IMG\IMG\center_2017_03_20_20_03_10_743.jpg, D:\udacity\fake_data_1\IMG\IMG\left_2017_03_20_20_03_10_743.jpg, D:\udacity\fake_data_1\IMG\IMG\right_2017_03_20_20_03_10_743.jpg, -0.06003058, 0, 0, 5.168547
D:\udacity\fake_data_1\IMG\IMG\center_2017_03_20_20_03_10_956.jpg, D:\udacity\fake_data_1\IMG\IMG\left_2017_03_20_20_03_10_956.jpg, D:\udacity\fake_data_1\IMG\IMG\right_2017_03_20_20_03_10_956.jpg, 0, 0, 0, 5.064616
D:\udacity\fake_data_1\IMG\IMG\center_2017_03_20_20_03_11_134.jpg, D:\udacity\fake_data_1\IMG\IMG\left_2017_03_20_20_03_11_134.jpg, D:\udacity\fake_data_1\IMG\IMG\right_2017_03_20_20_03_11_134.jpg, -0.5347505, 0, 0, 4.868321
D:\udacity\fake_data_1\IMG\IMG\center_2017_03_20_20_03_11_328.jpg, D:\udacity\fake_data_1\IMG\IMG\left_2017_03_20_20_03_11_328.jpg, D:\udacity\fake_data_1\IMG\IMG\right_2017_03_20_20_03_11_328.jpg, -1, 0, 0, 4.602316
D:\udacity\fake_data_1\IMG\IMG\center_2017_03_20_20_03_11_544.jpg, D:\udacity\fake_data_1\IMG\IMG\left_2017_03_20_20_03_11_544.jpg, D:\udacity\fake_data_1\IMG\IMG\right_2017_03_20_20_03_11_544.jpg, -0.3543919, 0, 0, 4.49065
D:\udacity\fake_data_1\IMG\IMG\center_2017_03_20_20_03_11_727.jpg, D:\udacity\fake_data_1\IMG\IMG\left_2017_03_20_20_03_11_727.jpg, D:\udacity\fake_data_1\IMG\IMG\right_2017_03_20_20_03_11_727.jpg, -0.9024236, 0, 0, 4.25545
D:\udacity\fake_data_1\IMG\IMG\center_2017_03_20_20_03_11_902.jpg, D:\udacity\fake_data_1\IMG\IMG\left_2017_03_20_20_03_11_902.jpg, D:\udacity\fake_data_1\IMG\IMG\right_2017_03_20_20_03_11_902.jpg, -1, 0, 0, 4.123575
D:\udacity\fake_data_1\IMG\IMG\center_2017_03_20_20_03_12_105.jpg, D:\udacity\fake_data_1\IMG\IMG\left_2017_03_20_20_03_12_105.jpg, D:\udacity\fake_data_1\IMG\IMG\right_2017_03_20_20_03_12_105.jpg, -1, 0, 0, 4.001156
D:\udacity\fake_data_1\IMG\IMG\center_2017_03_20_20_03_12_400.jpg, D:\udacity\fake_data_1\IMG\IMG\left_2017_03_20_20_03_12_400.jpg, D:\udacity\fake_data_1\IMG\IMG\right_2017_03_20_20_03_12_400.jpg, -0.1253758, 0, 0, 3.821991
D:\udacity\fake_data_1\IMG\IMG\center_2017_03_20_20_03_12_589.jpg, D:\udacity\fake_data_1\IMG\IMG\left_2017_03_20_20_03_12_589.jpg, D:\udacity\fake_data_1\IMG\IMG\right_2017_03_20_20_03_12_589.jpg, 0, 0, 0, 3.744105
D:\udacity\fake_data_1\IMG\IMG\center_2017_03_20_20_03_12_757.jpg, D:\udacity\fake_data_1\IMG\IMG\left_2017_03_20_20_03_12_757.jpg, D:\udacity\fake_data_1\IMG\IMG\right_2017_03_20_20_03_12_757.jpg, 0, 0, 0, 3.684158
D:\udacity\fake_data_1\IMG\IMG\center_2017_03_20_20_03_12_962.jpg, D:\udacity\fake_data_1\IMG\IMG\left_2017_03_20_20_03_12_962.jpg, D:\udacity\fake_data_1\IMG\IMG\right_2017_03_20_20_03_12_962.jpg, 0, 0, 0, 3.603293
D:\udacity\fake_data_1\IMG\IMG\center_2017_03_20_20_03_13_147.jpg, D:\udacity\fake_data_1\IMG\IMG\left_2017_03_20_20_03_13_147.jpg, D:\udacity\fake_data_1\IMG\IMG\right_2017_03_20_20_03_13_147.jpg, 0, 0, 0, 3.538452
D:\udacity\fake_data_1\IMG\IMG\center_2017_03_20_20_03_13_326.jpg, D:\udacity\fake_data_1\IMG\IMG\left_2017_03_20_20_03_13_326.jpg, D:\udacity\fake_data_1\IMG\IMG\right_2017_03_20_20_03_13_326.jpg, -0.5366311, 0, 0, 3.400023
D:\udacity\fake_data_1\IMG\IMG\center_2017_03_20_20_03_13_522.jpg, D:\udacity\fake_data_1\IMG\IMG\left_2017_03_20_20_03_13_522.jpg, D:\udacity\fake_data_1\IMG\IMG\right_2017_03_20_20_03_13_522.jpg, 0, 0, 0, 3.305767
D:\udacity\fake_data_1\IMG\IMG\center_2017_03_20_20_03_13_703.jpg, D:\udacity\fake_data_1\IMG\IMG\left_2017_03_20_20_03_13_703.jpg, D:\udacity\fake_data_1\IMG\IMG\right_2017_03_20_20_03_13_703.jpg, 0, 0, 0, 3.246276
D:\udacity\fake_data_1\IMG\IMG\center_2017_03_20_20_03_13_938.jpg, D:\udacity\fake_data_1\IMG\IMG\left_2017_03_20_20_03_13_938.jpg, D:\udacity\fake_data_1\IMG\IMG\right_2017_03_20_20_03_13_938.jpg, 0, 0, 0, 3.175017
D:\udacity\fake_data_1\IMG\IMG\center_2017_03_20_20_03_14_130.jpg, D:\udacity\fake_data_1\IMG\IMG\left_2017_03_20_20_03_14_130.jpg, D:\udacity\fake_data_1\IMG\IMG\right_2017_03_20_20_03_14_130.jpg, 0, 0, 0, 3.111596
D:\udacity\fake_data_1\IMG\IMG\center_2017_03_20_20_03_14_307.jpg, D:\udacity\fake_data_1\IMG\IMG\left_2017_03_20_20_03_14_307.jpg, D:\udacity\fake_data_1\IMG\IMG\right_2017_03_20_20_03_14_307.jpg, -0.5356015, 0, 0, 2.990121
D:\udacity\fake_data_1\IMG\IMG\center_2017_03_20_20_03_14_513.jpg, D:\udacity\fake_data_1\IMG\IMG\left_2017_03_20_20_03_14_513.jpg, D:\udacity\fake_data_1\IMG\IMG\right_2017_03_20_20_03_14_513.jpg, 0, 0, 0, 2.907137
D:\udacity\fake_data_1\IMG\IMG\center_2017_03_20_20_03_14_692.jpg, D:\udacity\fake_data_1\IMG\IMG\left_2017_03_20_20_03_14_692.jpg, D:\udacity\fake_data_1\IMG\IMG\right_2017_03_20_20_03_14_692.jpg, -0.5367555, 0, 0, 2.793225
D:\udacity\fake_data_1\IMG\IMG\center_2017_03_20_20_03_14_876.jpg, D:\udacity\fake_data_1\IMG\IMG\left_2017_03_20_20_03_14_876.jpg, D:\udacity\fake_data_1\IMG\IMG\right_2017_03_20_20_03_14_876.jpg, 0, 0, 0, 2.721025
D:\udacity\fake_data_1\IMG\IMG\center_2017_03_20_20_03_15_071.jpg, D:\udacity\fake_data_1\IMG\IMG\left_2017_03_20_20_03_15_071.jpg, D:\udacity\fake_data_1\IMG\IMG\right_2017_03_20_20_03_15_071.jpg, -0.5851477, 0, 0, 2.597405
D:\udacity\fake_data_1\IMG\IMG\center_2017_03_20_20_03_15_280.jpg, D:\udacity\fake_data_1\IMG\IMG\left_2017_03_20_20_03_15_280.jpg, D:\udacity\fake_data_1\IMG\IMG\right_2017_03_20_20_03_15_280.jpg, -1, 0, 0, 2.456076
D:\udacity\fake_data_1\IMG\IMG\center_2017_03_20_20_03_15_472.jpg, D:\udacity\fake_data_1\IMG\IMG\left_2017_03_20_20_03_15_472.jpg, D:\udacity\fake_data_1\IMG\IMG\right_2017_03_20_20_03_15_472.jpg, -0.4262604, 0, 0, 2.40711
D:\udacity\fake_data_1\IMG\IMG\center_2017_03_20_20_03_15_641.jpg, D:\udacity\fake_data_1\IMG\IMG\left_2017_03_20_20_03_15_641.jpg, D:\udacity\fake_data_1\IMG\IMG\right_2017_03_20_20_03_15_641.jpg, 0, 0, 0, 2.351827
D:\udacity\fake_data_1\IMG\IMG\center_2017_03_20_20_03_15_839.jpg, D:\udacity\fake_data_1\IMG\IMG\left_2017_03_20_20_03_15_839.jpg, D:\udacity\fake_data_1\IMG\IMG\right_2017_03_20_20_03_15_839.jpg, 0, 0, 0, 2.30952
D:\udacity\fake_data_1\IMG\IMG\center_2017_03_20_20_03_16_042.jpg, D:\udacity\fake_data_1\IMG\IMG\left_2017_03_20_20_03_16_042.jpg, D:\udacity\fake_data_1\IMG\IMG\right_2017_03_20_20_03_16_042.jpg, 0, 0.6024957, 0, 3.842164
D:\udacity\fake_data_1\IMG\IMG\center_2017_03_20_20_03_16_218.jpg, D:\udacity\fake_data_1\IMG\IMG\left_2017_03_20_20_03_16_218.jpg, D:\udacity\fake_data_1\IMG\IMG\right_2017_03_20_20_03_16_218.jpg, 0, 1, 0, 5.686737
D:\udacity\fake_data_1\IMG\IMG\center_2017_03_20_20_03_16_425.jpg, D:\udacity\fake_data_1\IMG\IMG\left_2017_03_20_20_03_16_425.jpg, D:\udacity\fake_data_1\IMG\IMG\right_2017_03_20_20_03_16_425.jpg, 0, 0.382691, 0, 6.607821
D:\udacity\fake_data_1\IMG\IMG\center_2017_03_20_20_03_16_604.jpg, D:\udacity\fake_data_1\IMG\IMG\left_2017_03_20_20_03_16_604.jpg, D:\udacity\fake_data_1\IMG\IMG\right_2017_03_20_20_03_16_604.jpg, -0.5407754, 0, 0, 6.37123
D:\udacity\fake_data_1\IMG\IMG\center_2017_03_20_20_03_16_819.jpg, D:\udacity\fake_data_1\IMG\IMG\left_2017_03_20_20_03_16_819.jpg, D:\udacity\fake_data_1\IMG\IMG\right_2017_03_20_20_03_16_819.jpg, 0, 0, 0, 6.198516
D:\udacity\fake_data_1\IMG\IMG\center_2017_03_20_20_03_16_996.jpg, D:\udacity\fake_data_1\IMG\IMG\left_2017_03_20_20_03_16_996.jpg, D:\udacity\fake_data_1\IMG\IMG\right_2017_03_20_20_03_16_996.jpg, 0, 0, 0, 6.086978
D:\udacity\fake_data_1\IMG\IMG\center_2017_03_20_20_03_17_200.jpg, D:\udacity\fake_data_1\IMG\IMG\left_2017_03_20_20_03_17_200.jpg, D:\udacity\fake_data_1\IMG\IMG\right_2017_03_20_20_03_17_200.jpg, 0, 0, 0, 5.965429
D:\udacity\fake_data_1\IMG\IMG\center_2017_03_20_20_03_17_386.jpg, D:\udacity\fake_data_1\IMG\IMG\left_2017_03_20_20_03_17_386.jpg, D:\udacity\fake_data_1\IMG\IMG\right_2017_03_20_20_03_17_386.jpg, 0, 0, 0, 5.846711
D:\udacity\fake_data_1\IMG\IMG\center_2017_03_20_20_03_17_597.jpg, D:\udacity\fake_data_1\IMG\IMG\left_2017_03_20_20_03_17_597.jpg, D:\udacity\fake_data_1\IMG\IMG\right_2017_03_20_20_03_17_597.jpg, 0, 0.6320202, 0, 7.220007
D:\udacity\fake_data_1\IMG\IMG\center_2017_03_20_20_03_17_788.jpg, D:\udacity\fake_data_1\IMG\IMG\left_2017_03_20_20_03_17_788.jpg, D:\udacity\fake_data_1\IMG\IMG\right_2017_03_20_20_03_17_788.jpg, -0.5730857, 0.05893451, 0, 7.079571
D:\udacity\fake_data_1\IMG\IMG\center_2017_03_20_20_03_18_008.jpg, D:\udacity\fake_data_1\IMG\IMG\left_2017_03_20_20_03_18_008.jpg, D:\udacity\fake_data_1\IMG\IMG\right_2017_03_20_20_03_18_008.jpg, 0, 0, 0, 6.871276
D:\udacity\fake_data_1\IMG\IMG\center_2017_03_20_20_03_18_191.jpg, D:\udacity\fake_data_1\IMG\IMG\left_2017_03_20_20_03_18_191.jpg, D:\udacity\fake_data_1\IMG\IMG\right_2017_03_20_20_03_18_191.jpg, 0, 0, 0, 6.747675
D:\udacity\fake_data_1\IMG\IMG\center_2017_03_20_20_03_18_380.jpg, D:\udacity\fake_data_1\IMG\IMG\left_2017_03_20_20_03_18_380.jpg, D:\udacity\fake_data_1\IMG\IMG\right_2017_03_20_20_03_18_380.jpg, 0, 0, 0, 6.626449
D:\udacity\fake_data_1\IMG\IMG\center_2017_03_20_20_03_18_595.jpg, D:\udacity\fake_data_1\IMG\IMG\left_2017_03_20_20_03_18_595.jpg, D:\udacity\fake_data_1\IMG\IMG\right_2017_03_20_20_03_18_595.jpg, -0.6451007, 0, 0, 6.278154
D:\udacity\fake_data_1\IMG\IMG\center_2017_03_20_20_03_18_806.jpg, D:\udacity\fake_data_1\IMG\IMG\left_2017_03_20_20_03_18_806.jpg, D:\udacity\fake_data_1\IMG\IMG\right_2017_03_20_20_03_18_806.jpg, -1, 0, 0, 5.971298
D:\udacity\fake_data_1\IMG\IMG\center_2017_03_20_20_03_18_976.jpg, D:\udacity\fake_data_1\IMG\IMG\left_2017_03_20_20_03_18_976.jpg, D:\udacity\fake_data_1\IMG\IMG\right_2017_03_20_20_03_18_976.jpg, -1, 0, 0, 5.83841
D:\udacity\fake_data_1\IMG\IMG\center_2017_03_20_20_03_19_233.jpg, D:\udacity\fake_data_1\IMG\IMG\left_2017_03_20_20_03_19_233.jpg, D:\udacity\fake_data_1\IMG\IMG\right_2017_03_20_20_03_19_233.jpg, -1, 0, 0, 5.628897
D:\udacity\fake_data_1\IMG\IMG\center_2017_03_20_20_03_19_436.jpg, D:\udacity\fake_data_1\IMG\IMG\left_2017_03_20_20_03_19_436.jpg, D:\udacity\fake_data_1\IMG\IMG\right_2017_03_20_20_03_19_436.jpg, -1, 0, 0, 5.471784
D:\udacity\fake_data_1\IMG\IMG\center_2017_03_20_20_03_19_610.jpg, D:\udacity\fake_data_1\IMG\IMG\left_2017_03_20_20_03_19_610.jpg, D:\udacity\fake_data_1\IMG\IMG\right_2017_03_20_20_03_19_610.jpg, -0.4751723, 0, 0, 5.38551
D:\udacity\fake_data_1\IMG\IMG\center_2017_03_20_20_03_19_816.jpg, D:\udacity\fake_data_1\IMG\IMG\left_2017_03_20_20_03_19_816.jpg, D:\udacity\fake_data_1\IMG\IMG\right_2017_03_20_20_03_19_816.jpg, 0, 0, 0, 5.243969
D:\udacity\fake_data_1\IMG\IMG\center_2017_03_20_20_03_20_008.jpg, D:\udacity\fake_data_1\IMG\IMG\left_2017_03_20_20_03_20_008.jpg, D:\udacity\fake_data_1\IMG\IMG\right_2017_03_20_20_03_20_008.jpg, 0, 0, 0, 5.139028
D:\udacity\fake_data_1\IMG\IMG\center_2017_03_20_20_03_20_233.jpg, D:\udacity\fake_data_1\IMG\IMG\left_2017_03_20_20_03_20_233.jpg, D:\udacity\fake_data_1\IMG\IMG\right_2017_03_20_20_03_20_233.jpg, 0, 0, 0, 5.026278
D:\udacity\fake_data_1\IMG\IMG\center_2017_03_20_20_03_20_429.jpg, D:\udacity\fake_data_1\IMG\IMG\left_2017_03_20_20_03_20_429.jpg, D:\udacity\fake_data_1\IMG\IMG\right_2017_03_20_20_03_20_429.jpg, 0.587186, 0, 0, 4.798543
D:\udacity\fake_data_1\IMG\IMG\center_2017_03_20_20_03_20_640.jpg, D:\udacity\fake_data_1\IMG\IMG\left_2017_03_20_20_03_20_640.jpg, D:\udacity\fake_data_1\IMG\IMG\right_2017_03_20_20_03_20_640.jpg, 0, 0, 0, 4.659099
D:\udacity\fake_data_1\IMG\IMG\center_2017_03_20_20_03_20_858.jpg, D:\udacity\fake_data_1\IMG\IMG\left_2017_03_20_20_03_20_858.jpg, D:\udacity\fake_data_1\IMG\IMG\right_2017_03_20_20_03_20_858.jpg, 0, 0, 0, 4.55688
D:\udacity\fake_data_1\IMG\IMG\center_2017_03_20_20_03_21_077.jpg, D:\udacity\fake_data_1\IMG\IMG\left_2017_03_20_20_03_21_077.jpg, D:\udacity\fake_data_1\IMG\IMG\right_2017_03_20_20_03_21_077.jpg, 0, 0, 0, 4.456905
D:\udacity\fake_data_1\IMG\IMG\center_2017_03_20_20_03_21_271.jpg, D:\udacity\fake_data_1\IMG\IMG\left_2017_03_20_20_03_21_271.jpg, D:\udacity\fake_data_1\IMG\IMG\right_2017_03_20_20_03_21_271.jpg, 0, 0, 0, 4.367923
D:\udacity\fake_data_1\IMG\IMG\center_2017_03_20_20_03_21_488.jpg, D:\udacity\fake_data_1\IMG\IMG\left_2017_03_20_20_03_21_488.jpg, D:\udacity\fake_data_1\IMG\IMG\right_2017_03_20_20_03_21_488.jpg, 0, 0, 0, 4.272094
D:\udacity\fake_data_1\IMG\IMG\center_2017_03_20_20_03_21_653.jpg, D:\udacity\fake_data_1\IMG\IMG\left_2017_03_20_20_03_21_653.jpg, D:\udacity\fake_data_1\IMG\IMG\right_2017_03_20_20_03_21_653.jpg, 0, 0, 0, 4.203722
D:\udacity\fake_data_1\IMG\IMG\center_2017_03_20_20_03_21_879.jpg, D:\udacity\fake_data_1\IMG\IMG\left_2017_03_20_20_03_21_879.jpg, D:\udacity\fake_data_1\IMG\IMG\right_2017_03_20_20_03_21_879.jpg, 0, 0, 0, 4.111492
D:\udacity\fake_data_1\IMG\IMG\center_2017_03_20_20_03_22_069.jpg, D:\udacity\fake_data_1\IMG\IMG\left_2017_03_20_20_03_22_069.jpg, D:\udacity\fake_data_1\IMG\IMG\right_2017_03_20_20_03_22_069.jpg, 0, 0, 0, 4.029365
D:\udacity\fake_data_1\IMG\IMG\center_2017_03_20_20_03_22_264.jpg, D:\udacity\fake_data_1\IMG\IMG\left_2017_03_20_20_03_22_264.jpg, D:\udacity\fake_data_1\IMG\IMG\right_2017_03_20_20_03_22_264.jpg, 0, 0, 0, 3.94892
D:\udacity\fake_data_1\IMG\IMG\center_2017_03_20_20_03_22_466.jpg, D:\udacity\fake_data_1\IMG\IMG\left_2017_03_20_20_03_22_466.jpg, D:\udacity\fake_data_1\IMG\IMG\right_2017_03_20_20_03_22_466.jpg, 0, 0, 0, 3.870072
D:\udacity\fake_data_1\IMG\IMG\center_2017_03_20_20_03_22_671.jpg, D:\udacity\fake_data_1\IMG\IMG\left_2017_03_20_20_03_22_671.jpg, D:\udacity\fake_data_1\IMG\IMG\right_2017_03_20_20_03_22_671.jpg, 0, 0, 0, 3.792808
D:\udacity\fake_data_1\IMG\IMG\center_2017_03_20_20_03_22_857.jpg, D:\udacity\fake_data_1\IMG\IMG\left_2017_03_20_20_03_22_857.jpg, D:\udacity\fake_data_1\IMG\IMG\right_2017_03_20_20_03_22_857.jpg, 0, 0, 0, 3.724683
D:\udacity\fake_data_1\IMG\IMG\center_2017_03_20_20_03_23_066.jpg, D:\udacity\fake_data_1\IMG\IMG\left_2017_03_20_20_03_23_066.jpg, D:\udacity\fake_data_1\IMG\IMG\right_2017_03_20_20_03_23_066.jpg, 0, 0, 0, 3.643052
D:\udacity\fake_data_1\IMG\IMG\center_2017_03_20_20_03_23_268.jpg, D:\udacity\fake_data_1\IMG\IMG\left_2017_03_20_20_03_23_268.jpg, D:\udacity\fake_data_1\IMG\IMG\right_2017_03_20_20_03_23_268.jpg, 0, 0, 0, 3.570316
D:\udacity\fake_data_1\IMG\IMG\center_2017_03_20_20_03_23_451.jpg, D:\udacity\fake_data_1\IMG\IMG\left_2017_03_20_20_03_23_451.jpg, D:\udacity\fake_data_1\IMG\IMG\right_2017_03_20_20_03_23_451.jpg, 0, 0, 0, 3.506096
